{
    "coord": {
        "lon": -76.5074,
        "lat": 38.3004
    },
    "weather": [
        {
            "id": 800,
            "main": "Clear",
            "description": "clear sky",
            "icon": "01d"
        }
    ],
    "base": "stations",
    "main": {
        "temp": 12.28,
        "feels_like": 12.02,
        "temp_min": 9.06,
        "temp_max": 16.48,
        "pressure": 1020,
        "humidity": 94
    },
    "visibility": 10000,
    "wind": {
        "speed": 0,
        "deg": 0
    },
    "clouds": {
        "all": 1
    },
    "dt": 1633002263,
    "sys": {
        "type": 2,
        "id": 2011802,
        "country": "US",
        "sunrise": 1632999658,
        "sunset": 1633042244
    },
    "timezone": -14400,
    "id": 4350049,
    "name": "California",
    "cod": 200
}
